ID,Yield
ID_F9XXEXN2ADR2,664.2683
ID_SO3VW2X4QO93,408.53757
ID_UKUQ7JM8E894,583.4906
ID_QUISMWEZR2H4,253.3127
ID_25JGI455VKCZ,620.47534
ID_KQEAOXF3RPV6,318.55634
ID_FSNZCPW9HTD2,1016.99786
ID_U2TOPOA0T40S,244.1859
ID_XVQLSUKOT04J,1194.6461
ID_EAZAU6IW58PK,147.9137
ID_WI17R25TC2VU,315.50055
ID_OPR9MJWG40U7,1383.4584
ID_P9K9GAHC6FX6,605.4489
ID_SCAOUCCTJ75Z,61.4232
ID_MUP1OS8GZR5E,1904.145
ID_WVBSZ9VBC9HE,634.427
ID_9MGH1WIKFBNB,408.12878
ID_3M2O3EPOM18C,3065.802
ID_K9MOR4N1FWIB,567.1639
ID_VJPUPMSQARO5,1235.6521
ID_7WIMK3DXIU3Q,1078.4392
ID_6QXVH0EUS60J,1166.8856
ID_CA9GH6Q53A1Q,245.0783
ID_94KO4EQ6TA3S,243.30743
ID_2WH3AXUWRS2A,243.42078
ID_LBS8TBC6QEF1,253.80986
ID_Y3YARETW8RAP,938.94147
ID_BY9JJAIKBRGP,293.55362
ID_0U5AM482W1DE,383.17395
ID_G0I28ORJC3OP,407.46567
ID_Q34ED4EMSA3R,572.3999
ID_LN3LXEG984XM,607.6854
ID_0JTIPPYRJND0,813.23987
ID_2MRD9I2X8UXB,156.48001
ID_KH1FHLUW2T4X,244.82486
ID_RFM5MWSIU1JX,317.46106
ID_IAH2UTMDVU8F,244.32433
ID_9SNP46T1GSJI,684.58057
ID_DSQ9ISYFW4DB,403.14368
ID_B8XYLC3NM6XD,185.6556
ID_HOG9LK4CTN8K,410.2764
ID_L3RTRS1QIY6D,325.15305
ID_03QW4RBYQEBK,322.11993
ID_ZJSYN3ZHXK5K,1025.099
ID_UPRM76SZ7IJJ,594.8182
ID_YB866N9RY5TU,412.07092
ID_4H0KNHPKF9BK,181.12376
ID_TOIT03A3WTTD,359.48236
ID_4P7NKCB6LMJ5,293.32986
ID_1TIMGZJLRLWF,619.72565
ID_25E6065LQDON,649.3709
ID_SOB9B3H12POE,727.3771
ID_A8RF0GQGJF5H,817.0954
ID_GT36LGF8SM8K,412.31586
ID_E9OHGDA3U6DG,408.0537
ID_HXWHLMRE99CE,940.02496
ID_3VL9DLFRG5A3,321.6169
ID_OKPI3DR2ZQPJ,249.42896
ID_XZO6ECCAOC94,992.39215
ID_4X2UWYR6RIE2,605.61127
ID_1LVAHN6PZYBS,1355.6715
ID_HRAJFKTPCNWQ,1959.448
ID_TK4H5NRKHOE8,317.584
ID_9U0UBT1J8152,319.66827
ID_3EUKVYT37JOP,254.46158
ID_1499QWPPW755,578.51215
ID_ULWP3J0G860C,316.54364
ID_51FSB3P7RO7F,572.72656
ID_FHMVP6OM4GDX,1533.8357
ID_2OICAUFVUF5S,221.48994
ID_ZGCFHIHAIC5U,411.1379
ID_SR592R346POT,1298.4634
ID_IW7UUDAW8LI0,384.18393
ID_UNWZCF6L3JHJ,405.97336
ID_Z4FXX0BNPHCO,998.7955
ID_T18YB26T1R72,409.76978
ID_LXZWOINVI194,572.0216
ID_QNQJS14C9JJR,1891.0931
ID_NTPIQUV3J2G6,726.40656
ID_PVQOEEDTISZ0,55.32986
ID_PNB65ASGG3U5,322.07913
ID_KWPXATBZDX9T,410.66623
ID_0G0F9TOR4IMI,1326.5876
ID_FVLMABW5Y6X2,908.57825
ID_O2PL38IY50T5,507.13364
ID_CNG8Z00FPPMP,814.67346
ID_641DSHBH8JAF,1085.4683
ID_Y14QXUKOFJ4H,317.2914
ID_DRP3WZV4BNIE,645.29114
ID_TMXV7UW39T80,232.90121
ID_0L8O49SS6MQM,538.8902
ID_UGTG0XQELY2U,424.36066
ID_0YZYA9AXL9Z2,259.15402
ID_KNOK4V0IWVUO,151.69466
ID_YX4DF17Z25RV,408.20688
ID_2YAZXP3AEDVO,330.2638
ID_YNACZPCVVI09,1865.474
ID_75GYXJW1DYGX,265.7813
ID_YRCMJRFRTU2K,724.0006
ID_1L4WBTHTDQMP,604.3464
ID_RO0XF0TFLRG6,567.1754
ID_NJ7G0SAVDN1Q,408.52768
ID_UFPM6MLG1BJK,88.40873
ID_ULY51B6WQ9FV,824.7128
ID_CR6L4TL2VEEM,245.71228
ID_4YRSPS7X1V7Q,401.91028
ID_ILQ5YE78E0SD,263.79315
ID_WDNXY8YRA10N,406.56573
ID_WYK6LRWQ21ML,317.2353
ID_EBA4QUGDXB5I,1199.9703
ID_2WCWAKQKRA74,702.51074
ID_FTSIEXKUER9Y,318.3474
ID_64BCOW7PEP3E,113.37991
ID_0N5TFB55JBOB,647.0701
ID_9AE1OJ45UFJ3,412.24216
ID_NJWAR6L7X4Q6,804.3622
ID_W8U6J9PKGGGI,386.9606
ID_WJUUIJMPNLHW,411.4609
ID_S7F4L5OW7OKD,699.39703
ID_Y0OX05BLLQPI,199.3359
ID_XJ7ULGKCALNF,593.4712
ID_8NU1PZBDI5C7,1112.4594
ID_CPPN31R20CBA,653.35645
ID_D20Z6VEJBE6K,55.383816
ID_N6RSTF2IR5GL,418.52188
ID_DJBLGDPMS85M,59.503746
ID_34J19EEKSSHY,709.06085
ID_P8MQS1ERUQ9F,255.30128
ID_U07HHH2EG6K1,849.0654
ID_IKAOSO0CFKYZ,234.39908
ID_NHQ2WMFGNBS1,323.5749
ID_FRJ3P7XDG7OV,579.9671
ID_5N0W8ZFFAIQX,408.1958
ID_OFSHZ2KZ1LQ4,59.503746
ID_A6C1G6XUATUE,363.0576
ID_N99MP1180BJ5,157.08072
ID_D5F8SLVPMZKE,232.97263
ID_49QTISSSNQ0M,605.4778
ID_S1WHDBHNKLYO,316.13596
ID_9YE4VBW3W1WJ,405.71423
ID_7SWZRG2B52YI,317.584
ID_41XNQZ8M4QXH,405.4757
ID_SIB0PJZQMRBO,318.70728
ID_M47IW492SXOP,120.820114
ID_MTUJW5V02DWQ,820.35406
ID_Y108HSDX00WC,1023.67926
ID_QRD8JCO8QWCF,112.43591
ID_RIP1ZN0ST7I3,183.67372
ID_BPS356NV28J7,999.45703
ID_0KANA1KYEQKW,183.27548
ID_80MMCWDS27VC,1838.6945
ID_CH1WWOXBV7L8,319.9547
ID_PM7YZSDTN1OI,547.3019
ID_FR4XH94DJW50,556.92053
ID_D1IDORABBOBP,411.54974
ID_0BE8BMWG3A68,553.4247
ID_RY2QD5TLB4US,323.71744
ID_S8D99RRNCOMC,1234.6068
ID_YZLW773BTIA3,319.04764
ID_FL8VHWG97QTI,965.2151
ID_JVLT86OR9T15,661.8466
ID_NBSTAXAZ24X0,1120.5172
ID_43VRMQQ5E60F,329.8186
ID_HI4ACMU7M13J,410.1185
ID_UI96L3AE8YXY,589.75433
ID_UXRI6OXKF50S,950.67163
ID_FW06NS2YA7QW,407.4155
ID_RA5OO0JVNOUF,569.9276
ID_EVGU94YQTZWM,248.14453
ID_GHANLFEJN9UW,224.78049
ID_HXBFX8X2DD7B,992.98944
ID_KUNLQSF5FM19,411.28918
ID_7XXH76413XNT,614.9989
ID_D58TIQKQLU7Q,323.29492
ID_W5CLRPVGFRKH,513.41956
ID_A3Y0OIB0BE59,410.32706
ID_C74NLELOCNTS,6157.717
ID_2FIGN89QV44C,185.7606
ID_QN4PJSV2CGSJ,263.4009
ID_V5W6AZBTURWA,408.55264
ID_L6E0GOTVHSCD,571.10474
ID_Q95BUWXK8RM3,229.34729
ID_5TLXCFLTYF1F,409.81293
ID_GLBHSYJG9S5B,1305.0017
ID_3X3YHRC7IIN9,604.99744
ID_5H724YS64665,931.6045
ID_U4Z5RN88FCZM,624.52124
ID_05TGZGOMI6MF,410.63828
ID_0GCZV8RUSZK6,336.85028
ID_UV06K1FM1SB5,565.51965
ID_RCJZ3PORBWFV,186.04907
ID_W1NL5CU9VHQS,409.52933
ID_2WIYFQHMJPYD,2282.9497
ID_BFFULEU6PVQ9,108.32049
ID_JN31K11BXQ0E,351.71973
ID_DS40FHVR9R7F,319.74323
ID_DNOT9DTVZ6MQ,639.6165
ID_Z58PO8MMX8YV,643.18286
ID_NEYMBJKFHN1X,722.18005
ID_RND7MNSA6LWV,252.94049
ID_U407VXC7F9NZ,317.1356
ID_ES753BBA75GB,157.35844
ID_APRL4BTWWRW9,318.23825
ID_S909ZPBZ39II,321.27722
ID_YYFP9SWEV0U5,1219.1013
ID_25EBTESPBHGZ,667.265
ID_W0W8TG7XRWE3,234.16626
ID_0FU2BPIOTMVD,664.3143
ID_OF817VW3STNX,411.772
ID_7QATIJ9YSL1K,2945.6406
ID_LBPW7URC7BBW,559.04
ID_7WYQ81JCM9V3,147.95515
ID_JGSVOGVN6522,568.69574
ID_TOUB2GY1ZHXT,620.2467
ID_9AJCTSUQG7FZ,412.26038
ID_VKOZPEUVSDI8,647.6122
ID_UG5GQ68S58OW,409.72122
ID_4RB8XK2ZB1IR,794.33307
ID_Z3P4T6K6P2ED,386.19382
ID_VUGTKX63R5P0,387.89908
ID_XMF3Q64FMLBK,553.4032
ID_DTWCZ9G9C8WD,859.2721
ID_0MNYHJUPIOIT,316.1577
ID_ZGAL960JTO3R,1318.3796
ID_PK835TJNER3I,661.16846
ID_KVGPYMSHB2WJ,349.1327
ID_OWIQYP0I1HGW,1303.3724
ID_7RS2XDILJLBL,325.66312
ID_EDCLK08NMF0N,413.29416
ID_97Y87C3ANP5B,328.6417
ID_D3SKVOTTB4KQ,266.5153
ID_APFVFYM11UU0,1867.0424
ID_TAIVU9LHBYZ8,411.73526
ID_NTR94XDRQIHZ,127.050415
ID_8QCOFS2HXOJQ,409.38455
ID_7ZZVZZH08UWF,407.90567
ID_9NGVV4V11YU2,386.0758
ID_5G8RKC18KLXV,1375.9414
ID_BSVRMHEKDQKD,409.56796
ID_6Z12209FUIAT,724.2181
ID_IRBHYP3G7UXU,316.92566
ID_9PH4KNPDDVWS,687.0961
ID_S4G0N1TJEDUG,317.99792
ID_OP7NSDQGR6AE,287.5685
ID_32RIU94UJDHI,1418.2136
ID_85WKQYHE0W5H,833.1311
ID_2T4I23J42NUP,410.87363
ID_LOJZM912S2TH,413.3171
ID_FQAR45VD4PQ5,645.5681
ID_RA4Y3ZL70BWO,1073.3656
ID_UH3QT7I1O24Q,127.543884
ID_P9OZQ56CX2YO,546.5459
ID_RB24VMV9FIGM,405.8503
ID_XECRIM8DR00Z,1068.672
ID_EYIQ79MA3T5E,638.87524
ID_B0QBM2S1R9S7,233.12549
ID_1L74BG9P0TKX,806.81854
ID_141KG0TOOCJ6,814.2318
ID_IMKLSNJKVI4P,316.34668
ID_253P6J7D92PW,322.57907
ID_PCC17RCZX06S,318.72864
ID_7MUPVDZE1ZWB,1149.4281
ID_O994OZU1NP7E,405.12006
ID_RFVKSMVILY31,407.57504
ID_MTR7TTJ5LSBE,148.0723
ID_87QM8DS5HSU7,1294.5837
ID_8KXPBLV53NZK,418.5955
ID_LQVS4LC3YRMB,609.17285
ID_ISVACTKT5MAA,411.5975
ID_C64B9DUNSCM1,199.34082
ID_ZXAE37OWUMFI,410.14548
ID_L7Y4MKY66OSL,585.95056
ID_TZ1FUOUR0Y8X,752.3612
ID_D7HMR45HU1ZW,406.46347
ID_UCZXI2H7S2YD,147.86494
ID_7TU75PUQP312,1726.8237
ID_4ULCEP364DAF,412.26038
ID_8EOY07K5LOC4,318.55634
ID_NK47MAUWJ8Z5,152.49792
ID_8ZCGIWU6GZLO,314.5451
ID_SNIWSZ237UOD,260.26526
ID_7LDSCZ2OPT0K,646.5483
ID_TK2TH4JSJ1KB,151.70438
ID_UUXFZKSR58SC,313.30423
ID_EVACECC6XIW9,1407.786
ID_U2LSES0Y4I3C,1388.207
ID_NEGU2TDNC4Y0,115.84112
ID_WCBHSOBP51H1,251.82222
ID_SVRQ4NGZFMMP,856.4603
ID_5TBBUKHYJ1KI,606.3526
ID_4AOR8R30LNOD,409.34653
ID_5XOUKBLNO7AC,412.6367
ID_IQZTM1J018FS,813.77405
ID_Q9VXX3O6IZOD,246.36145
ID_HTEQD0S6QIB8,313.84677
ID_0GFT8KE7O9RP,895.19257
ID_SHFI8L6O4DQ3,722.882
ID_64MUBP88ECF6,406.0629
ID_EHYBYH7QLOSL,205.1235
ID_GTGEI6PS93QJ,1520.6826
ID_TL9C9OJ8G68U,147.86494
ID_SM1GWL52K1F8,317.65054
ID_DZW8R8ONEU66,409.1879
ID_HBDA4P8811S8,3502.1487
ID_CJQOTSL074N8,570.6498
ID_KZ0X60V9XQIG,1850.6909
ID_0TWFZTV06NYT,592.8904
ID_PVJN35A46C0K,569.25183
ID_D732BOTXBLSI,412.55154
ID_342GB00NU2X8,178.53244
ID_AQUL5HCLWJPM,1067.3931
ID_VU3938I1G9Z0,807.3417
ID_Y2ZY2HDPU6PE,410.19962
ID_SJD77GLF5ZFJ,598.26465
ID_3T35R9QJBF2M,320.73926
ID_NQUTMXXK59YN,661.25146
ID_SV7AFMBC72LB,152.07312
ID_PAPK30H37SIW,825.11255
ID_URRQOVPPCBQ4,199.34082
ID_CQPXYYK4KGB7,316.94702
ID_RJIJXF4OS4RL,59.503746
ID_APUXW8HC4K6B,944.46185
ID_61Q9C9GGPHDI,1260.0402
ID_ZWZRMNC7OOCV,248.29564
ID_IYKX7HR08L6A,305.61972
ID_AIG281L5ZHU8,148.27138
ID_NHUOZPKIO0BR,322.18228
ID_LLYN4K7KIT4R,408.49774
ID_0TSE5OLEV8WK,408.27896
ID_H992DU9HM8DQ,318.9624
ID_UK0CBXPBQ5RY,1091.9684
ID_RDPY3EBXFJ5O,1251.8644
ID_5L97TY473GY5,1167.1285
ID_5B1X9MC1IFX0,385.8504
ID_ECWVAC40SNWB,3189.6968
ID_OE87AT5TAUEI,1974.8976
ID_XR12GEBM8H2K,1291.1843
ID_LJ2AP4BNL25Y,597.3982
ID_LH311ABG9XDL,315.94742
ID_HXONOBB4HD6T,1899.2533
ID_7AOOKABBB6N8,1200.6688
ID_Z17C9TLMF1MJ,237.28162
ID_3PUBL95YQ1AF,638.96075
ID_3RUIBILNO5TH,186.04907
ID_9VMYZE08M98X,639.1573
ID_6SDJYMNC1T2Z,166.33028
ID_61DT371A8JKT,317.06152
ID_R51LYLFQUFIL,604.1435
ID_MJYLQ159US1Y,907.66235
ID_QQHLY17D6RBD,1282.9211
ID_Y84JBGTU3NGV,620.4339
ID_V8BHOZICY6IF,405.6798
ID_DZ1R5TGC156F,657.0061
ID_UQTR8CQ5LH50,1189.8701
ID_CK56LDNW1478,804.1637
ID_QJGUBXWDDCRS,654.96674
ID_H7YHR5OTSNS5,88.157425
ID_8FRJCZZGLIRC,725.93036
ID_U29DLWFB48GG,226.83243
ID_W3OHI7MAVC24,149.65654
ID_1ZY88AN5LZD4,411.10825
ID_OC5EEB6B892L,814.0058
ID_CMWPG2PIB75R,616.214
ID_NWEI411ITDHM,807.65173
ID_G49PUGN2HFAD,247.26323
ID_GSNP1IEZEQBC,414.19986
ID_GJUS6RREHQ81,908.7377
ID_7F8MCGYBVNP9,322.86136
ID_0L3CDZHQMEW6,652.732
ID_WWW8P7C0BWWD,318.3474
ID_K5SN27S6ODNO,821.9188
ID_UFYYFX1MOUMV,1293.2993
ID_D0724QR6ZQQF,1682.4899
ID_PMSOXFT4FYDW,4457.2144
ID_SO7VGCA3U32O,559.9026
ID_FRF1EVPIL6HX,644.5898
ID_82CBKU1NDJ0V,1267.9718
ID_RX8DANVXO123,382.77692
ID_ILC9A9DN5G2Z,813.5089
ID_2GDKRWUIWI9Y,158.36882
ID_RBQ5VAV4DJ5G,638.9892
ID_UOQYVR79LGBI,410.68802
ID_K6AD8QUXXR6Y,319.45236
ID_J342KZ43X2VJ,564.48157
ID_XPEQ4HVRRQX3,2189.558
ID_AJUG34L464MU,640.3592
ID_JF3KG0PYDKQF,1899.7638
ID_L9Y3DAFA0E72,411.7244
ID_E6BGEQJGO571,238.98997
ID_SP088I6KHJYU,405.68964
ID_044M7JJ7F7ZH,643.79236
ID_FWCKHCWUI2ZA,319.03354
ID_RYVNAORY2187,238.88423
ID_AKABUF8B09YM,804.1637
ID_S2JJQXZHA1AS,579.91205
ID_4QOOOG43P1EL,977.84827
ID_X7Y0DSAFDFLN,639.50696
ID_HBHBHNCY4HVH,386.03384
ID_BD6WGXMV0N9M,411.5975
ID_L96Q9Y8ZKZ8E,1252.1766
ID_THWRW6UMVR43,267.06198
ID_BORVFDCCKT0H,814.7584
ID_2L25K22ZLQPZ,413.18436
ID_YUL27A9GYMND,380.0603
ID_8MKACM85VSCS,2740.8677
ID_4060CUEUW7HI,405.68964
ID_Q0SM7VK3YP8B,110.92199
ID_KFDMKLKS776M,408.16595
ID_JFSU9KK3JSCO,1420.4806
ID_YDVQY6M9SDE1,255.0303
ID_24UQHTEAU2MZ,412.3768
ID_SGZSFYIOBIN2,585.1813
ID_JNBPHXXIFBMH,319.33524
ID_ZDH7Q9PB2ZFC,318.0039
ID_Z8L5CROZXDD9,684.83234
ID_BFWA63TCREXQ,320.54333
ID_M3DHWRLA56N4,936.8552
ID_7QNMKE9U82HO,937.7596
ID_75A7EFD9RIO4,148.08545
ID_ZGRBK42R4LAE,406.8929
ID_E69IMEJ5DN9Q,410.81174
ID_9GU549TH7ZK3,1180.7561
ID_32IOWXYS1DUU,336.75027
ID_055AL1ZL5ZQ3,112.43591
ID_1D24WF1F56XL,199.3359
ID_C8563RHWH4R1,408.53723
ID_FWYXQF7RP0NA,605.6773
ID_RUQF0NVO7GUP,111.72877
ID_U51NJXF1ANRX,337.55902
ID_52E5N2X6YPZC,409.9805
ID_5605KFWD5KLI,604.99744
ID_RP1T12JOZ0W5,385.12964
ID_1NJF183VW7MV,212.19873
ID_YBW0BLUZSB09,715.4959
ID_EMWY1EBQA2OW,58.537548
ID_PRZUQ2CC6YQL,641.07983
ID_DR9MHVZLS2J3,192.60924
ID_F9Z4KJ1ATXQX,339.49942
ID_1IEQS1MMJVNU,1249.2904
ID_Y5OJFJ4ELKBO,1637.8926
ID_OYZLWHPXC232,191.1865
ID_RIJPB9ZK7QMJ,431.66885
ID_5YLAHA1RPCLZ,571.73914
ID_7YD43YGQEHAG,280.83224
ID_Z2128MPPJH3I,318.75626
ID_6E9C80EV7UVB,603.8964
ID_V292OF4LJFY6,301.04987
ID_GZWEN5J0753A,150.30914
ID_DZJI74TH27S2,604.61865
ID_VB20G3017OT3,1409.701
ID_PFR5TR9NSJ44,2505.9832
ID_CGEMGXF9GKAN,644.99567
ID_UQN5YELSPFW4,582.9861
ID_9KQ04PBVJQ2Z,613.6537
ID_4XS5DB6R0W1W,3323.6018
ID_0LIP6T5ZSM47,740.1493
ID_EKT3T87PW61E,406.07877
ID_8APYWALBVJJG,1264.3837
ID_IZNAGRDXI416,572.86426
ID_O8JW768V2WBT,927.13257
ID_QB1EGGOG4PKU,320.226
ID_QL474TRJZ4KT,243.59956
ID_JS00JMA9OC55,245.98766
ID_KX93WT2WM8KI,390.63364
ID_88T4KAWBOXD2,707.7072
ID_AYEXJ449FHYB,240.4789
ID_WAMWUG0WHB97,750.98016
ID_MNSBZZRLVYAB,417.66412
ID_NIO4I0V8DWYJ,109.400764
ID_NIZWE5DL0ZEP,721.8767
ID_9NCKQGLK3SD9,408.95355
ID_5OSGLVZW9D29,799.6924
ID_6XPJZR8ZCIC2,317.10236
ID_IY0SP642OW24,661.9843
ID_RIYH64Y97QRK,621.0404
ID_XSP6B48LKWT8,569.9276
ID_W753O33BW3BB,410.80923
ID_RWJ0XTITY982,3103.1868
ID_EUEIBIX6TBO2,286.88297
ID_WH5AACW8DNG9,249.02357
ID_NKCHBHQGHFQJ,406.68576
ID_55LF7DAPVUM9,382.77692
ID_QCVF1IC80H55,251.79457
ID_TTYI3X4FHRSK,572.18097
ID_FAVZ1A7JE66Y,199.3359
ID_K3QDY7VQTJ4Z,404.4981
ID_SXVSUXY5UZAB,305.61972
ID_5K5QDTT6M6RR,604.2068
ID_LVWYORSZVO3S,250.37009
ID_6ECLIA2352NF,224.63483
ID_W9B36B5RXLXB,1273.4701
ID_FBND5TKBJU4V,243.60641
ID_IEG1EPIW3QJE,603.7468
ID_XBAKEC3FGVOI,261.76865
ID_YX1YSBJPV00F,234.61707
ID_CNJ0199EZ0Z5,263.45023
ID_9HZRXVLF8O7Q,322.0061
ID_N8DOGSGMLEEF,322.88446
ID_QTT6DFO6C20M,146.18556
ID_84TIYB63GU2Q,235.4593
ID_I13964DD6KTD,408.38214
ID_31NJ27Y0VJFL,265.379
ID_SFCM114U57TL,315.07562
ID_JO7PGDO0GSL6,604.1932
ID_GL342CDVL9P5,320.8572
ID_89HGYIT9L72K,416.19327
ID_GMN55BKSKYR7,1228.7454
ID_IPCZ9G8W2MEV,729.10425
ID_YTTWCTKL25FS,640.81024
ID_RXK77X7AJU1K,411.83496
ID_7DF2UHVO2YDW,397.9005
ID_S8ILQIMNR33S,905.63275
ID_9CZKHNKM1I86,413.9288
ID_QV0YP4S4M4EW,387.10776
ID_6NW6LZZP4YSO,809.88947
ID_11VV8EJUCW0H,3059.534
ID_12B9ODTQEDJP,569.9276
ID_O9F0DSRI883S,317.76227
ID_UGZM1YTX1O1E,570.28796
ID_K9QDUU90W0VF,562.8882
ID_NSYRKSMPHBU1,652.7331
ID_VTPNQBR81BM9,586.50464
ID_39OMID9QCOG0,385.94565
ID_1PEZ9AQEX5YZ,560.42957
ID_KMV01O5FI1RE,200.02234
ID_D8YY9UAL3DUU,1035.5608
ID_MK1LEGI0K09C,618.4067
ID_SIGZ0JBXQGOV,235.1307
ID_TVKRFN7WM03R,242.83113
ID_0BEO9O1TBGD7,406.7177
ID_0LAUIA0BNIC1,267.31226
ID_J3ASN4NEHJWU,563.7854
ID_E0C4Y5E20718,653.42786
ID_42C9CZBA94GA,251.3317
ID_YR8ZM2POXIMW,357.5162
ID_CI5T4HTPFSD5,2153.012
ID_A43CG1H8ISRO,284.26392
ID_3CEHUW3S0G0K,900.7257
ID_TXB3AVJR817F,384.78137
ID_EARHOHWMJBZN,733.7969
ID_3VLU0ZG4HZCJ,317.584
ID_BXY0XWQ3PB64,653.3105
ID_QRR9XFG9T842,619.19934
ID_EUX6TSC8JHCM,406.07877
ID_QFOI09YR3VXI,410.07492
ID_YV25FQOXZ8MV,61.4232
ID_7FQESEUZAD3Z,249.92229
ID_CNWL7DTP3YX4,317.64792
ID_T55BT4VODB0E,233.86633
ID_RV1AQV8A2YO5,1054.2233
ID_4LD71OA2HWJA,421.16687
ID_MURY55Z0UGAN,318.6488
ID_N2FMG5146H3F,232.5416
ID_UTINEMLC3YZ8,319.09073
ID_2YV5CPEX8PQX,726.28204
ID_G04CAJF9PJPJ,316.81253
ID_VQQC20SF8PFA,315.18494
ID_XLERVZJLB89L,438.97012
ID_55VQDPWDVUJN,1212.9004
ID_ZQ8CAFATMFQ4,396.65012
ID_G0F3TN5NG6BH,254.7926
ID_PF85WDFZ5SIC,265.79892
ID_LPA096T2PA37,313.61276
ID_TOJV71OD5IJA,552.59454
ID_OC71Q8G1PU9X,600.3948
ID_ALXWTRGLKYET,405.00507
ID_L25QRS7Z1I48,579.4552
ID_ZJX6UR06AOQN,252.626
ID_J18Z7G8MKNNW,925.14014
ID_A1FRWN0WLOW3,587.9644
ID_1WMN80LOMPYX,588.6017
ID_PN8SLC70UAFU,386.07483
ID_Y0VLNN9FFCDB,941.0525
ID_KSNG2EHQWVN2,1823.1545
ID_6W3UCOWAIKFY,246.67393
ID_SAMIPB6FVS35,605.38806
ID_5XWLZR0M55MG,601.0235
ID_XS38KEFXELD5,405.95102
ID_59TDKRUHGJTU,325.18686
ID_LA52IZ1MKC63,110.87959
ID_HUS8E1K54UTE,625.86896
ID_I13GK4NJXW16,1077.0898
ID_VNANLNWRQBB6,408.67645
ID_S9RY48JU1EY7,803.2824
ID_4STCBR16P9VP,984.9715
ID_8975M70FEDGV,1246.7018
ID_DUBR80BZKU6Y,317.53235
ID_MAEEJ3FRNXBQ,268.57306
ID_H4AAIXVXUTIW,1422.5044
ID_9O8JMRL331Z1,245.72548
ID_NGSCERQ2QDX4,314.68182
ID_6LCF9GFNTUHP,405.68964
ID_P1FUZAFI9H4Z,716.59985
ID_98FVLR8JYSIK,903.0247
ID_21Q3Q5YNLZZX,656.9894
ID_PBBKRFRQIL4M,253.38994
ID_XUQ4DJPJN922,410.47397
ID_XN9SQO2E71Y5,329.44995
ID_16EL4RBE07V4,655.93097
ID_J9A3XKAY092U,323.0333
ID_SI3U6TVMFSLR,2020.796
ID_MZPNEAO40UOF,641.98395
ID_JMOP4XUA0I7Z,405.8503
ID_3K7O1OS7SC87,1022.32263
ID_1FKKC1Y469H8,564.9966
ID_KLWMKKI8XBMZ,386.0864
ID_INV1UN5XSNO4,287.34308
ID_FCP0ZRWKWL2B,1348.8721
ID_L7DSNSBA5RQQ,159.00586
ID_SECEK6SG1NI8,2007.2936
ID_ZZH6SDGIBPVQ,639.1573
ID_NKCBC5AYF2O5,947.98474
ID_HCUH5OSOLYNC,293.44452
ID_P2YVKXAWU6J2,670.12634
ID_H5DAKY1IT85H,1186.1688
ID_FN2NLEWDMB6D,319.89896
ID_FQRTZI314E4V,1722.9824
ID_605VN4QHNIDI,402.45886
ID_J9MMOAJFJ2J9,320.4134
ID_2N51RJM7IWTE,411.22388
ID_G7LKS3J2NRV9,564.22296
ID_B75HPYZV9PLR,809.35944
ID_IJFSC215A8T5,257.6201
ID_XUJ8JAS1QTG5,107.181755
ID_OC29SB0GECK9,1427.8975
ID_0ZW1XY8NZ5AA,106.25596
ID_XUYVTZH1U6V5,634.47003
ID_TUQ7O8VZEO8Q,1245.8816
ID_XL5X7DAJMM1B,322.18228
ID_6GOHOWR9UQEB,579.0833
ID_OSG7JPS4CTQ6,561.4336
ID_TYWY3ZJA2J5I,1766.9016
ID_E8R8OU0PL6KU,909.6036
ID_NVSZ1QLGBUT6,371.49838
ID_B6DWB2FSMPKC,318.09906
ID_P0UJZBSPVHUE,1289.3516
ID_O9LKW41W3CE6,235.18353
ID_APVY0ZAA2T96,267.86682
ID_DXH0G1YZBCCY,606.61884
ID_50FMQ8VLWTYD,817.7534
ID_MPXG6OFK28RA,1055.529
ID_KO5Q9YHKSLDL,807.3417
ID_5RN40WEWP1EL,680.18695
ID_C22JIXZIZSL4,254.00058
ID_9DQB1KQZBTV8,316.39374
ID_CQHWUNCL5PCX,293.5269
ID_J5OEXVDCNB0P,806.81854
ID_RDH6HLOB2U92,261.2441
ID_8TPHQ60JF6EX,405.58685
ID_1PB93FWUQFQB,318.7529
ID_3N976J1OGQLO,597.4794
ID_7KUFT15M92QJ,293.5269
ID_PCCPOOUSGB06,150.75058
ID_3FRDNPVY5FNP,1203.972
ID_BK9ZR4TDE7NZ,622.9155
ID_OUWYLUIH2R51,416.89847
ID_L5ZLQMRH6KKF,614.6745
ID_Q4UW4DG55OJW,566.19403
ID_OYF1ASPZJQNP,411.61176
ID_GZUUS62OBWF1,938.7812
ID_KKZDBKDWVPID,317.18332
ID_YCYMKBL2CA1K,405.68964
ID_KHTP23X20T5I,412.73514
ID_PVCGOZWIYCRW,3910.2026
ID_32NAED58MFBN,1235.6526
ID_N20MRZDYH6K2,959.8456
ID_DBTQY3BIX7K1,318.65988
ID_VXHEQJCSAEGO,405.4757
ID_1UBFDMDD35E0,337.70602
ID_UTQLHUO15C6P,1249.7494
ID_KUQSQP4UEPNX,3028.1255
ID_NG1BV8SLDLT6,241.7217
ID_3WE5BFF4QQ07,338.69656
ID_OJCKZSAW11FT,909.5767
ID_01FMRJ8CZ1B9,326.52228
ID_UFCY75JEV9LT,458.23138
ID_2EZWQR6H2KMD,861.8676
ID_VDBLFDMIL8NG,760.89935
ID_AT56XBOIGQNE,784.21204
ID_AXZDBVR3IUR6,239.69789
ID_2TXCT78Y3PKC,251.9488
ID_VR4Q2KY91Y7I,1346.5322
ID_EQO0B00UOJ18,318.23032
ID_80IN0NOG3IGG,243.36217
ID_52G244TD18XX,603.2604
ID_VU2RGX6FV7SG,585.9764
ID_L5TFK1K76NVV,316.86194
ID_9CP641SBWCAY,107.181755
ID_GCL2HBCVD3GT,560.3699
ID_9TSTSM29ITZV,1325.3507
ID_L9B0F5XY5C0Q,906.0984
ID_CB1C6HBQXD06,293.92886
ID_HKJ98YOILTWN,1393.454
ID_5TPFAMIJT35T,814.4497
ID_17C2BIFXGXAB,407.15738
ID_ZY0FDD05Q344,320.25568
ID_XXKL2UKB6T7P,1284.3451
ID_RMQ5T81PW81J,622.6301
ID_I1KFYFIUMBBQ,607.0201
ID_1C1WGJ4TLP0X,159.00586
ID_E5OL8AHYNIRQ,576.99615
ID_XKJ6NPCU23KQ,385.9061
ID_H2LK19RTKLBN,319.36075
ID_8SXD7K2XR4Y2,317.14816
ID_R6PS7QO3TIP3,656.23395
ID_7Z26WTZTG1EE,254.38
ID_NVW1KES21JE6,604.3192
ID_KZQ5Q7QITN1J,625.9731
ID_0GK554F5HSPQ,2953.5198
ID_CA5E6O3YBPYR,231.56293
ID_NTRTGR2IP7JQ,594.59955
ID_062VNY633NVW,606.61884
ID_465NN80WHNMI,317.79733
ID_T52DNN3DYVA2,317.3408
ID_CM0W1BO8Z7YV,403.7553
ID_YV087R41HIW6,413.38974
ID_VT6TAOGORN0T,1045.875
ID_030L0XB0GEPB,255.12614
ID_YECW50OR7NEH,316.46927
ID_5W7NWNYH7DA2,219.93573
ID_I2AKJ4TGA3JS,286.687
ID_LMSXY4W2OCHC,410.54544
ID_W1EWJ1KHVFWL,653.3105
ID_3ABZTY079K5J,3295.8206
ID_4PEE9P8ISN4T,1484.4811
ID_DZD2PTXBQ36C,253.28255
ID_VRDCKGL60J4S,1366.525
ID_W300Q133BITD,150.09009
ID_BGPCJWWGLRAD,1325.5836
ID_2VD5AHGUA8FZ,242.07518
ID_N2YHCFW8BCW1,245.6998
ID_KD26RV3Q4Z8G,379.54
ID_B4L9RE7NMY7S,653.42786
ID_BN9X6GP81HB7,303.8361
ID_Y6GNK64VJEAR,321.74295
ID_PE586K2WC823,378.23224
ID_WL15S18OVHW9,1361.7303
ID_5R6L97XFBM4P,626.30756
ID_55YCU1CHAZYU,1226.8099
ID_WNGH3FP6KNWH,4188.6587
ID_9JR09YWTJIPX,563.3921
ID_870NP4IDB2WF,409.37833
ID_X6ZCELIES4N3,709.9669
ID_S0Z4WELW3RKE,654.9757
ID_I1M86V2XW3NU,565.93225
ID_PR25E8LGMX5C,326.74747
ID_5RGXU5KZER2O,3013.4219
ID_N3OWXZ0A4PQ2,570.23395
ID_BUYPSV8J9VX4,941.89734
ID_ZLJBGWFNKT3F,569.9276
ID_E3U792EGWSOZ,116.64921
ID_KQE4T2DIGF73,316.00668
ID_FIOW6R8A6TD9,2173.1353
ID_6NHV395NXUMO,644.5344
ID_DLLQTLGA5BZ7,124.24356
ID_12090DS3ONFO,257.47476
ID_84WRYZXSNB5W,252.76447
ID_5IHINMMQ33HN,649.95575
ID_Q3TSBO3V5MV0,700.46936
ID_ADC7FBDIRB67,330.35663
ID_YFVLB2MLINSA,753.9112
ID_0M2B2IU08JHG,559.39746
ID_V9K16K3JJ64W,151.65427
ID_T0APDRNZ2PUP,913.02576
ID_UD6Y4DW52N30,405.68964
ID_CPN4N1LLQUYZ,220.59848
ID_NBZ50NSHWKX4,1900.3224
ID_JOBTZIGNUJYW,129.64745
ID_QIXJYAUTNLGR,412.16333
ID_AX9K1UFBM90G,235.5952
ID_FDDURNIJQYRF,1507.3276
ID_LVNQ4RR7Z5M9,628.56604
ID_UYQMXTUWGEX3,317.41394
ID_GXYT79NRDUCC,315.58075
ID_9GC9RL0156TI,570.50256
ID_65R1QHRZPXV4,200.01743
ID_61D172EINVHM,228.60384
ID_YTRIQ7CPL06G,316.96335
ID_SWBH0D832EJH,415.64807
ID_JI6G3OYFQJKY,292.50296
ID_D2P1PLCDCW6C,929.75946
ID_4HZATY2UQP7J,645.54553
ID_I13HAXROQ8ZI,570.0582
ID_EBWZ4DITBMRT,928.639
ID_46V1XAD0HNM4,199.43044
ID_7F0Y5BH75MA1,316.1577
ID_8KDNAENIPD6O,265.8114
ID_31557CM50TT0,140.7552
ID_1H73ZV2DGAJS,614.98584
ID_MQBQ7Y3DAME9,585.2426
ID_FABZ5F40A430,924.4122
ID_ARH65MSJKMXQ,318.67267
ID_NZAYF5EC84XF,2430.4678
ID_8KTFQU943U8U,617.1101
ID_HOOPMK98RDVW,604.5696
ID_6NKRHFXDAL2W,237.18892
ID_3Y0E2QZSY8BE,404.4763
ID_7RBTQWOKF593,155.71431
ID_G32EHA5H8KCH,106.18186
ID_FP8GAONCAYON,235.61821
ID_Q1YRG5JLSL51,717.16705
ID_LUEHBMKN3WSS,408.7307
ID_8CR2PDGM6RTS,806.81854
ID_UISG39MBLWG7,408.10785
ID_ZFX52PINM9TI,155.99559
ID_AV8EYUEUUBVA,161.24944
ID_LDK0UP6ZOTQS,824.71136
ID_Y71AZZAYF00N,317.584
ID_IAA19P3EN9DF,322.54782
ID_M8ZJ8397H56M,751.771
ID_2LVL6QWBY48W,1110.4021
ID_66A871THV43V,595.996
ID_K9CFTOS3JA2N,320.0253
ID_SN7U1P14V2N3,410.51627
ID_68RW49FF7NF2,1486.151
ID_1BYE6Z8W58NR,321.5301
ID_DGIYN4VXFWW3,320.3787
ID_I13X0T9TWG4N,675.54865
ID_7HE2NP9ZDI7E,551.02106
ID_PKX1BWJLKKF1,401.17273
ID_FGCBRPH417HI,249.4833
ID_XZHCQ2UL7EQB,649.30634
ID_3F60G7BTKL3E,408.7307
ID_X8UKDAZNQLE5,179.11177
ID_WF21DZJQ0MEZ,410.47665
ID_2JORBK01S76Z,254.36714
ID_N40FQ79VCRBZ,251.0103
ID_GTLFKV861ATM,406.78036
ID_27Y0YW3K0RMP,424.18857
ID_WV5M56G6J46P,320.27036
ID_2A6AX6F5M2R3,247.46571
ID_O1WA343Z0Y3Q,319.86255
ID_5RO8TLZHVZ4U,247.93896
ID_WNL0HEE8FNAX,639.524
ID_KRAHFXWUE34U,573.83875
ID_B0BZ87T7Z4G1,646.6768
ID_EF8RZ2A57MOF,316.33282
ID_CKZAYHVYDNOH,263.76404
ID_24T2915PUUBL,578.1589
ID_9N44D14F4Z9S,1315.1342
ID_4QI2PK16L4W8,317.3408
ID_5GSE1ZV2KZ36,406.2562
ID_30MYYJ3CGU71,340.8869
ID_R0ZZ2K2C4IFQ,261.72906
ID_SRSO7ZIVRHMS,563.84314
ID_ADMXQ913LY99,317.70416
ID_PS7YQR14G3Y3,564.36005
ID_MZEO9V8999MJ,1746.2556
ID_LUGALDGQDU2C,319.6804
ID_6E0LFWNRDDBC,558.8146
ID_BH392O5O9YIJ,313.814
ID_VP4R17PGR7PT,796.0376
ID_Z584MTBFZM57,127.6496
ID_FMP63TJMIYD2,237.02095
ID_0VVXHZNBFV7K,577.4342
ID_R3G02LS8GNA9,326.0932
ID_Y3HXNR6C9VPN,325.1245
ID_P2EI5WTDARVB,565.5431
ID_J81U1U9GRXMM,318.23676
ID_RUJ2JWO1H36Q,2400.463
ID_D7KZIKGDA5TC,408.38214
ID_IXZVPO7I6GFT,716.49347
ID_DYEIPGE8LAWB,1925.8822
ID_YFXPGWLIF1JG,404.74414
ID_M06RJHKBWY49,320.37964
ID_9AQXDJAJZEKV,411.15912
ID_W8K9BX9LC95X,861.21075
ID_QI5ZUDAWIO6B,553.78796
ID_UAUMCZMYYG50,648.2131
ID_MB0FWEMQZIS3,292.61554
ID_I3VLDTUXI8OU,686.00836
ID_FL43EATDHM0N,405.92197
ID_F8IKOUJWBLAS,322.0301
ID_MY6O19NPIVK6,1284.6117
ID_XIRL5AT0PRFF,326.15555
ID_V770RBDE6Q4Y,405.6469
ID_0PZHH6TLV3CA,232.6129
ID_VWY9TZXSBA2I,1586.1322
ID_0IMHIJVZNH4F,417.71512
ID_J9R0XLLUEYV5,572.2867
ID_SXO3TLUQS06B,405.9181
ID_IIFWSOZJ87T8,234.30103
ID_003IQ6P16IU6,579.3728
ID_8A4XDDFF9KES,627.672
ID_ZADQ4EOPXZ5X,648.9251
ID_T3BJIT95VAK6,1150.8947
ID_9JBVPAY5SWE5,239.62071
ID_H69MYTOAOWGW,2746.9414
ID_KX131MVNIQYK,171.6095
ID_9TBIA2TY51SN,406.15125
ID_LSJ9Z973V7HY,317.26492
ID_1V7154B52Q1R,638.87524
ID_61T1B66LGY96,968.37134
ID_6OMUQ7RGG9PB,155.78322
ID_UOP0YIGOD0C9,646.1662
ID_FUEPC3I8AGM6,249.95782
ID_9DZ2XHHCILE0,352.07462
ID_K31RQKN5YZGQ,149.53912
ID_5ONQKXWCPAYW,319.7568
ID_WTFWWIHRP8QJ,129.76225
ID_1DB4QAC6FY9E,230.90431
ID_JTN33DQWNP8S,320.7579
ID_URGC9CNXA7X5,318.391
ID_TLCVMIUVHIDA,661.9676
ID_TUK3UTUY685M,316.2206
ID_C3CXY15NEROI,648.1267
ID_HLKXLS0FWIO3,318.4633
ID_3KYOCLW494ZU,624.79016
ID_ANAMG2154VTI,1095.9746
ID_RZYTYJZGW8V1,590.77515
ID_U0TE2JB46YOT,2074.642
ID_033YEZI2YTMN,319.03705
ID_M5MUL0OYJ521,337.4682
ID_GLNNBNCO2ZJT,316.58984
ID_5D0G39C74311,235.39412
ID_76NPV6TK8935,609.2706
ID_ZBDU7B15DZ06,768.5636
ID_7ZY916L3IR3J,579.0947
ID_NT49YSFTD1RL,156.48001
ID_JO5LMUSPDOE5,403.23096
ID_20WSYTHON01Q,151.84834
ID_29VL60799V4G,618.17505
ID_LWOVH2BGMAXM,786.01636
ID_U40UK9R0U769,903.196
ID_GLMWDVQ0ZBSS,570.78436
ID_H9WPOE6GENMJ,408.65744
ID_D777FHIP8F1R,643.44775
ID_UE7JO485SVK6,107.181755
ID_KMUR984JCI6C,258.0151
ID_5UB63IBXG3O1,406.56854
ID_IP1S04YTUGT1,1166.1401
ID_UJAKLBHMJ3YD,605.2086
ID_W4V2VRY6V3ZG,261.40396
ID_UPWIMZ9NKMFX,596.67664
ID_TVYVXPBGSFUC,239.56851
ID_8WEKEFRVWLHJ,579.9958
ID_9RLCRH7Q0PXK,317.232
ID_02G01CVY8X2H,317.90802
ID_KE5BLNSCOGKB,956.4321
ID_9JNMULI0HP0P,817.7534
ID_B8OSQ43TMBSR,625.5616
ID_PZWWJKYN923K,692.54236
ID_834BS53CZ6LC,424.62912
ID_5BMWFG250JV4,793.92236
ID_LM22RNI83BJM,572.2867
ID_JQS59EY819HO,232.89856
ID_E43X5ED6NLU1,326.33966
ID_8UZSHKU5UT2V,923.3984
ID_DJ50AHYEIPZ0,905.429
ID_R4NIIOESVN7T,753.1505
ID_YKL207W57L0U,261.16086
ID_12P6RU298F9N,594.8259
ID_IZ6WTP5Z17WN,843.0587
ID_NZMFMBIC4FNF,257.6647
ID_JLTDB0VTB0E7,272.34985
ID_17SQTC2HLKAE,404.4981
ID_I1X7CIDBKXZQ,250.38202
ID_PSSACU4V0O6O,594.6687
ID_V4HUIJ6F76SW,313.23694
ID_8COHYHKML3JP,784.21204
ID_JN4AX2B2C50G,112.76373
ID_TMJ0OO9Q2WOJ,2017.798
ID_C95LNL1M8H2N,606.61884
ID_RVPLXJ5UWB6O,242.26242
ID_TV9CCKV6IGN5,1425.0391
ID_K19V3I8YE12K,317.93546
ID_KGXUKFH4Y7YO,412.10825
ID_WJSH3NU9GIQB,61.4232
ID_EQZ7H1WA78OS,158.91231
ID_1MKAKRVW5T92,238.7219
ID_PZFWOHDEYNGN,413.38974
ID_725LTZ95U1E1,649.2112
ID_THK0MEQMKDUT,1571.4625
ID_RTQ01NMMKXYA,588.92566
ID_8B19FL2AJ194,235.94133
ID_D6RNJ17OIWWY,733.6007
ID_HUGK2Y59U7KJ,804.3603
ID_KWIMK8AMZF5A,727.0291
ID_UURMSVZDKKSF,804.3622
ID_2R9G9PQSADOM,255.79082
ID_BI9UDH99U450,236.04192
ID_7ODW5MXTDNCG,653.19867
ID_HWJ9WKS3IB5J,408.61914
ID_JGO7PWMYOMUB,568.48224
ID_MCQSOIZ5BXGC,244.78415
ID_J0X3K8DOSPYN,564.0922
ID_VGQJ4WYJJBAT,321.87103
ID_FHRVJDWVEWZK,592.1969
ID_YFDZZ7FAT8H7,605.87805
ID_ZW6ZATUAC5CC,411.03442
ID_W0BWKL5E7PYH,1101.9158
ID_9DJGFL3PX533,555.7251
ID_NYXDVDMQO20V,807.3417
ID_J9R96PPZPO32,928.5372
ID_03SHDKQD95XF,331.5759
ID_9UYFG0NC9QTM,677.1551
ID_PR26C0RSQ89H,591.7645
ID_KOOC7HGDZA0H,745.12286
ID_218WMH65G8WU,657.0061
ID_PRAU2EMQM87U,401.13138
ID_D6ZOJRHT0A7H,411.6898
ID_CITJ0RJ9ZAOC,785.1736
ID_TP5RXW7QXP2O,2008.7672
ID_AZNDXJTYSGDF,260.55908
ID_78WJNL0RRA6U,673.7661
ID_TM6VWF7REIS6,1408.2382
ID_X3TVNO4XNHN5,814.3006
ID_3TDSR1D7HQ8T,680.65564
ID_82ZSQZQGLY1Y,409.38455
ID_8OKP01595X94,313.11346
ID_2OKINRRT0XL1,2319.0212
ID_DA98EJU0NT76,587.81604
ID_V17R17KYCDG3,584.848
ID_OM42UEJQR618,160.21832
ID_646D2KBLNLC2,245.38812
ID_9RU7QWS0WIDP,639.8546
ID_PFFCHUW5O67L,412.07034
ID_ZSV9TC0UW5CK,320.411
ID_MSYLCULH22KD,415.9547
ID_6ZA9ROTCTCTY,408.70175
ID_L0J7MCL12NR4,337.72128
ID_SCDUXWEDL6C6,813.23987
ID_7QHVYN5YJYAP,196.19218
ID_AUT5E4W1IF34,1312.072
ID_7JO0TQWT9W8K,320.28186
ID_3UUBOUNG1CH8,197.82408
ID_4Z5JFK9VF762,271.5949
ID_3Z9LB1PGHP96,803.8764
ID_D0X7IDGN74GR,321.64877
ID_BBY6G4GET31C,1442.0309
ID_PT5LBK4XRS89,416.5161
ID_Z6A67N4N3KEJ,61.4232
ID_Y6D7U7R1ULMA,263.76404
ID_WQOUU960NDO4,119.14263
ID_XC7PSRE6WWFP,253.27007
ID_VF7NABSVT35U,613.9226
ID_25MZL6HIS26M,1132.7953
ID_D86BC6U7FA2J,596.576
ID_F4KMTFROJWL2,320.62347
ID_QK4YHF5UETBQ,320.42184
ID_XPAHSEI49TYN,1142.2817
ID_69F6K475WX7V,148.45909
ID_9WS9F7Z1CE3M,317.39716
ID_XJC8VVXC9TBX,550.20844
ID_CD5QDTLLZUPT,248.88275
ID_O80J4RH6LVDS,1054.5637
ID_KWSKN3HTLPK2,160.152
ID_5SKHT6NDFHJR,151.48276
ID_KPQYKBZGK6Q4,287.1444
ID_866ACQHJ1632,320.05945
ID_WX844ME5IT0M,209.1504
ID_AWNJ1KEP1QK1,1155.7662
ID_16ZJ7XNWB9ES,847.9178
ID_2NKYXQYFQQRX,405.68964
ID_DDQYDSPF4BXY,640.24506
ID_1KBQ8Z8QZOL3,1266.8397
ID_GJO67I9XF6AK,563.5974
ID_PCOF5INSVXM2,408.52826
ID_W5GMROHJ01RZ,320.25568
ID_WD6GCHMOFFZK,317.7448
ID_GF3NQ1FP4MXO,938.56525
ID_FBQI3IPLIAAZ,261.55106
ID_BKRCXGDJI2ZU,406.5149
ID_WC5O6CA49JCT,261.36423
ID_TC771F4NXFD3,626.6795
ID_HQAI0KUSI7FX,1285.0422
ID_E22MKA5X1C38,405.77094
ID_P4TXP8UNLQ5F,59.503746
ID_7VFK2TR4EHCU,300.28522
ID_XIMWJDO2J9S2,108.32049
ID_1SFZQ86IVMCZ,784.21204
ID_XNSVNT862EIR,1524.1208
ID_KEULJBL0QMMA,385.9909
ID_GEAJ29CHENIM,555.64636
ID_XDHNQQ1BMP4K,317.06396
ID_ZG8Y74HTDSKI,113.71668
ID_VUYOGM0KIABM,1236.2781
ID_U4XH4UTLQ5EO,318.08224
ID_M1TT1PZJYQX3,444.97714
ID_DO1SCI0NAS39,564.9506
ID_PP2CV6NRSO3K,315.50598
ID_6F4A688829M0,1301.7113
ID_67C7XJW5Z9AP,406.56573
ID_G9GXUSA0IV0D,232.38782
ID_0G0WQUKBXG47,324.5999
ID_6EWF22XJX21H,792.78436
ID_UIL7S6F6IKE8,322.86136
ID_O55OOUDQOKBE,1911.1387
ID_OKZW0FT04KAU,181.42462
ID_5QCE458KP8MH,409.38455
ID_K1MX59GNDLA3,1017.5588
ID_XEAANBI4M6MP,814.48206
ID_7K7V374NL5QU,258.08322
ID_Q73O4J7PYNLD,923.4838
ID_8X79S7L9FWUS,331.89014
ID_M97TRZBEVI0V,337.61487
ID_U9TU5QRVSIKV,673.08813
ID_PQPZ0AVV5HTH,642.63916
ID_1L6LU32N1HFC,81.26223
ID_UBZ21YSSVE0A,575.5112
ID_TFXFZIX00RA7,1304.1777
ID_32CMCT5XS364,438.43484
ID_E95XC4DYH26Y,59.503746
ID_S8ENYM45UWSC,1981.5981
ID_PU514SH6TUVR,177.41492
ID_RVEWUGCXQCNS,336.48782
ID_BG6I25RU4JV3,642.85175
ID_RNDBVA4NU0LW,405.68964
ID_H1GVVG7EF7WE,319.54892
ID_4VG5G0IN38WK,149.2201
ID_LI1DHO8DO7WH,238.58087
ID_K9IUCGCTABHD,546.70667
ID_COWCI2PI2LF9,113.10416
ID_0QE8PUWQKHFZ,649.1156
ID_MT3EUT7AX265,313.684
ID_T69R1A784TNY,1311.6165
ID_N4FRZ8SPSN61,319.32147
ID_DFIMHTLXA82W,656.3374
ID_BI4VNVU7JAXF,1909.0568
ID_6C9EUI1CKTQY,1048.5394
ID_V7R0PZU27LD7,407.21964
ID_NXHSZUCHTMO8,1052.4188
ID_PSSPKF9A2USI,813.23987
ID_M9XZ0NNGCXJE,317.13623
ID_3BJCEQIRMQTP,301.01288
ID_EWS2TOD7IJZI,1280.316
ID_4N61JMVTUKQ5,266.36615
ID_B5NBU4COPYXW,405.9543
ID_ZS7CIFJ5G37Q,1858.0027
ID_X4E6NMBKJLQT,105.71335
ID_1OH68E5CL3NC,912.2351
ID_DNSUBE5MRZR8,1071.8422
ID_GHVXO83MCL6I,605.61127
ID_CQ0FBB1L5EY3,410.82343
ID_9PEPYSUTV8XP,729.521
ID_CH40371WNU45,318.81094
ID_KREBTUJY9PUQ,322.11993
ID_AH2DHFW5Y7VZ,571.7468
ID_O2YSLD8B37UI,409.96658
ID_CGJLQRDMQGPI,402.4382
ID_ZIH4810LD2X4,384.84375
ID_1GUQ67PJHO6G,156.48001
ID_YO7NKY9DFON2,1355.6128
ID_H8DG3XXT4R3S,385.34964
ID_FD43UJOLYMFB,318.06973
ID_BQ8JTW0GEMB4,412.24216
ID_RA7TSCPF1HBL,404.84448
ID_HMSUJ88077KV,316.42725
ID_2K6CE567GZ7D,406.08118
ID_J0UYQQWYJDJ3,818.6173
ID_42YO171TPVHZ,938.34937
ID_KMFDQQYDBS4X,410.78043
ID_EKKF7GLOX3SD,316.97342
ID_NA6TYX9PY21I,618.7824
ID_PA459A9AES6D,1864.4283
ID_ZHJ35MUIKDGT,627.2885
ID_2KS148FT28VY,955.8874
ID_ZP3Y1EOLD1XT,329.3737
ID_M202WZ18JHLM,603.8254
ID_O3CUG423MY9H,3015.605
ID_JK4O5BTLDHTX,267.55032
ID_69E0GNTDT1LF,3177.12
ID_RN3RLK50ETXN,563.20825
ID_PJ3QBFDFCBUV,236.16087
ID_WRU2ZQEZZA2A,1311.425
ID_261VC80CL904,241.94112
ID_3PR5200O44QG,1311.4612
ID_V315713I7M9M,408.95074
ID_WCBVJ74XU15K,556.16394
ID_ZXT4WUZLCMVH,322.0852
ID_GDU9BX84VUVE,5201.235
ID_5JB3YMBM4T6O,264.1287
ID_KBAPVR46VC22,655.46497
ID_4IXICKTIPPLU,621.1164
ID_AM94QK241VPE,1636.7635
ID_W12HOWGGSMS8,252.64728
ID_Q1G32KADTS51,316.0231
ID_V3JIA4P4668B,814.3006
ID_Y86K83ZPC3T4,407.23276
ID_K6M588093ONJ,409.39383
ID_8QKXNKEAI8U8,105.654564
ID_X7PUGW9NI1FI,315.46747
ID_VTIQSDY0X1FD,407.17728
ID_4VC1K7FA4J17,316.4769
ID_3GCDF7RV12BF,1033.7404
ID_PSLVQKNWEZ0N,324.01886
ID_IGCX54TFOFX9,320.47162
ID_1SZ0EPKMQJ3L,287.68668
ID_RRLAI5EB891O,1351.1946
ID_ATRY9VIAPNBP,319.0922
ID_5LIP4CV5CHJ0,572.5716
ID_ONHO680NIUHR,539.1881
ID_VTRB9ZYY4VI0,627.70105
ID_JAE3UP8KOYFO,261.3849
ID_I02Z7U56HMOO,413.61514
ID_RFXD3G5UO06W,1397.0848
ID_1SQXKIK51IGW,258.6897
ID_T5UXJ5RC7PUZ,648.1267
ID_JM7G4MGZXPA4,412.6931
ID_6FF2BX4HPOG7,270.7169
ID_8UTWWHXEL9R5,729.30115
ID_3YJH7Z2OWJED,616.97406
ID_4BVYTNKO9YLK,940.1385
ID_KNDRB17VJJHN,331.76437
ID_PL3IRYM11FGQ,621.1164
ID_33QXHWS7FFUE,747.37616
ID_2J04B9UGSZMQ,843.0821
ID_ZJV6QMH0E1S2,902.019
ID_3SY7ARGY3QVX,2075.825
ID_KIAVLFCA0QAB,153.00713
ID_Q4EJVPZEZXGI,412.26038
ID_65605390LAS9,865.7373
ID_Y104K9OC8UGE,656.585
ID_3K6WOEPF2FP8,848.0432
ID_LS72BPM71SR7,404.81302
ID_Y7TIOX2MBVN1,257.99307
ID_JM80BY34TODO,408.45468
ID_2WAZFPTIJ1OA,405.68964
ID_T9YY5C8C1CBO,412.31665
ID_UPRSY14003PO,372.01514
ID_7XOLQOXF8MQB,316.94946
ID_I32E35Q5PL6J,652.5511
ID_22FO3O040DBN,412.26038
ID_2UXKSAJOCCUC,412.51596
ID_5GUT0JCPY47C,595.58124
ID_LID7SSDMXCW6,107.54725
ID_WCWCOJH95NFM,251.48491
ID_4DWQ8EGOZF76,410.05118
ID_SJE53PFBNDY4,569.38617
ID_MUP7H5EUQUYW,691.3013
ID_2G8S8FICGX1F,680.9175
ID_T6X2E4LGICKT,241.54045
ID_2NBITHH2CMR2,569.9099
ID_IXO2IO18FTPN,917.95795
ID_35RBHZZG2K9S,572.0075
ID_5X3KT9OXDOCL,968.41003
ID_EXX5T31QH9U4,570.01776
ID_LSZRIL56T47Z,917.85315
ID_5ALLBTPE63BZ,1596.0841
ID_ZRT3VO9XJTOJ,421.75845
ID_IVZNV00VK1WF,239.11513
ID_STJDVR9FV5ZK,909.53894
ID_MUL2I0PV3WXF,567.7246
ID_350HG62PKSV9,265.38998
ID_CFU1OS0WRIF1,410.28717
ID_E2X9RKRER7VN,410.60086
ID_FAXPVHA3GBDX,881.08673
ID_U20QSSM0WQCL,383.3167
ID_8STN6IQK6GRH,61.4232
ID_RRV0JV74KLEG,614.07007
ID_SV90TJDKZDBO,5820.9062
ID_VG3DNKAC70DB,408.53723
ID_N6VEVLWM0JUZ,847.8034
ID_R6EAOP7SKH4P,951.8357
ID_WY1E27L1SF3F,643.20654
ID_S6Y3EIMQPINY,1306.2717
ID_C6FGW58XYOOC,109.38322
ID_66ZQIE06VO23,614.6745
ID_OQGZLQDASMAM,242.25465
ID_O0VXS8F7E71M,259.30212
ID_RYWO2W04NGOQ,690.70355
ID_UQJV4MFOR1M5,320.107
ID_4RF26BVNXYCE,1499.3253
ID_97BLKV6Q0HEL,2177.5752
ID_UBBEFJS5I0QH,142.2674
ID_1O85NFRVJWEG,576.50885
ID_IMHZWDBK0ADL,245.5052
ID_YP71ZG5HZP4L,614.6745
ID_EQYXNVKPIZ8S,317.32626
ID_IUMZ7HN2JIIN,562.2084
ID_TEYADZ461KBT,654.61426
ID_WBKUDZP701N9,603.67444
ID_QREVEZ4H807A,151.10684
ID_1FI6VLAJHF5I,1295.4991
ID_AGYQKZWO32LL,603.8987
ID_2AWB54BA84ZT,406.10703
ID_HT3K0J78M9RG,646.04205
ID_1Y0O3Y0QYTJS,642.40515
ID_ZKH62QGNMI1V,113.37991
ID_BJVKX6P2LOVK,627.7331
ID_RJG2AH2AUIN8,314.1707
ID_C1YRVYTDHBCI,322.0359
ID_1TJKPVFP9B3X,245.78665
ID_ENTHBKNB4R99,413.9275
ID_TY66I8PV70BN,235.54056
ID_6MMECMX3B728,983.9115
ID_GZ9YGWCLLMKN,337.2744
ID_01YVA2LJVYBR,230.96088
ID_YQRL2IOUU4SZ,405.68964
ID_VAX2N8ELPEZE,315.20218
